ID,Name,Country,Website
101,Oikos,Italy,https://www.oikos.ua/
102,Candis,Italy,https://candis.it/
103,Elf Decor,Ukraine,https://elf-decor.com/
104,Colorificio Veneziano,Italy,https://www.colorificioveneziano.com/it
105,Ferrara Paint,Ukraine,https://ferrara-paint.ua/
106,Simpletone,Ukraine,https://ferrara-paint.ua/simpletone/
107,Tattoo,Italy,
108,Deco Terra,Italy,https://www.decoterra.com.ua/ua/
109,Coverit,Italy,https://coverit.it/en/
110,Valpaint,Italy,https://www.valpaint.it/ru/
111,Rossetti,Italy,
112,Senideco,France,https://senideco.com/
113,Antica Signoria,Italy,http://www.anticasignoria.lv/en/
114,Pufas,Germany,https://pufas.com/org/
115,Greendeco,Ukraine,https://www.greendeco.in.ua/
116,Fast Granit,Poland,
